{"entities":{"pages":{"api-docs":{"id":"api-docs","title":"API Overview","url":"api-docs.html","level":0,"tabIndex":0},"API-quickstart":{"id":"API-quickstart","title":"API Quickstart","url":"api-quickstart.html","level":0,"tabIndex":1},"API-reference":{"id":"API-reference","title":"API Reference","url":"api-reference.html","level":0,"pages":["Mandate","990459ef_833"],"tabIndex":2},"Mandate":{"id":"Mandate","title":"Mandate","url":"mandate.html","level":1,"parentId":"API-reference","tabIndex":0},"990459ef_833":{"id":"990459ef_833","title":"Mandate","level":1,"parentId":"API-reference","pages":["Create-mandate-for-companies-access-for","Grant-access-of-mandate","Delete-mandate-by-company-number"],"tabIndex":1},"Create-mandate-for-companies-access-for":{"id":"Create-mandate-for-companies-access-for","title":"Create Mandate for companies to access for","url":"create-mandate-for-companies-access-for.html","level":2,"parentId":"990459ef_833","tabIndex":0},"Grant-access-of-mandate":{"id":"Grant-access-of-mandate","title":"Grant Access Of Mandate","url":"grant-access-of-mandate.html","level":2,"parentId":"990459ef_833","tabIndex":1},"Delete-mandate-by-company-number":{"id":"Delete-mandate-by-company-number","title":"Delete Mandata by company number","url":"delete-mandate-by-company-number.html","level":2,"parentId":"990459ef_833","tabIndex":2},"Changes":{"id":"Changes","title":"Changes","url":"changes.html","level":0,"tabIndex":3}}},"topLevelIds":["api-docs","API-quickstart","API-reference","Changes"]}