{"entities":{"pages":{"api-docs":{"id":"api-docs","title":"API Overview","url":"api-docs.html","level":0,"tabIndex":0},"API-quickstart":{"id":"API-quickstart","title":"API Quickstart","url":"api-quickstart.html","level":0,"tabIndex":1},"API-reference":{"id":"API-reference","title":"API Reference","url":"api-reference.html","level":0,"pages":["Mandate","8ebbe171_3916"],"tabIndex":2},"Mandate":{"id":"Mandate","title":"Mandate","url":"mandate.html","level":1,"parentId":"API-reference","tabIndex":0},"8ebbe171_3916":{"id":"8ebbe171_3916","title":"Mandate","level":1,"parentId":"API-reference","pages":["Create-mandate-for-companies-access-for","Grant-access-of-mandate","Revoke-mandate-by-company-number"],"tabIndex":1},"Create-mandate-for-companies-access-for":{"id":"Create-mandate-for-companies-access-for","title":"Create Mandate for companies to access for","url":"create-mandate-for-companies-access-for.html","level":2,"parentId":"8ebbe171_3916","tabIndex":0},"Grant-access-of-mandate":{"id":"Grant-access-of-mandate","title":"Grant Access Of Mandate","url":"grant-access-of-mandate.html","level":2,"parentId":"8ebbe171_3916","tabIndex":1},"Revoke-mandate-by-company-number":{"id":"Revoke-mandate-by-company-number","title":"Revoke Mandata by company number","url":"revoke-mandate-by-company-number.html","level":2,"parentId":"8ebbe171_3916","tabIndex":2},"Changes":{"id":"Changes","title":"Changes","url":"changes.html","level":0,"tabIndex":3}}},"topLevelIds":["api-docs","API-quickstart","API-reference","Changes"]}